url,source_type,lang,chunk_index,chunk_text
https://www.th-owl.de/en/skim/documentation/wireless-network/,html,en,0,"S(kim) - Service Kommunikation Information Medien Dokumentation: Funknetzwerk (WLAN) TH OWL S(kim) Documentation Wireless network Infrastructure (locations) The wireless network of the Ostwestfalen-Lippe University of Applied Sciences currently consists of access points from Cisco and Fortinet. The access points are distributed across the four campuses of the Ostwestfalen-Lippe University of Applied Sciences in Lemgo, Detmold, Höxter and Herford at the University of Music in Detmold. Lemgo - approx. 362 access points Detmold - approx. 195 access points Höxter - approx. 64 access points Herford - approx. 9 access points Detmold University of Music - approx. 60 access points Important: If you notice that you have poor reception at an important location on campus, please let our support team know. We are attempting to expand the network as much as possible. Access requirements You need a WLAN-enabled device and must be registered at the TH OWL. Your device must support the WLAN standards 802.11gn or 802.11an/ac as well as 802.1x (authentication) (WPA or WPA2 PSK and older devices with WEP are not supported). Access points You can find more detailed information in our documentation on"
https://www.th-owl.de/en/skim/documentation/wireless-network/,html,en,1,"802.11gn or 802.11an/ac as well as 802.1x (authentication) (WPA or WPA2 PSK and older devices with WEP are not supported). Access points You can find more detailed information in our documentation on WLAN: The "" eduroam "" wireless network for staff and students The wireless network "" Conference+Guests "" for guests or conferences E-Mail: support@th-owl.de Phone: +49 5261 702 2222"
https://www.th-owl.de/skim/dokumentation/funknetzwerk/,html,de,0,"S(kim) - Service Kommunikation Information Medien Dokumentation: Funknetzwerk (WLAN) TH OWL S(kim) Dokumentation Funknetzwerk Infrastruktur (Standorte) Das Funknetzwerk der Technischen Hochschule Ostwestfalen-Lippe besteht derzeit aus Access-Points der Firma Cisco sowie Fortinet. Die Accesspoints sind in den vier Standorten Lemgo, Detmold, Höxter und Herford der Technischen Hochschule Ostwestfalen-Lippe sowie an der Hochschule für Musik in Detmold verteilt. Standort Lemgo – ca. 362 Accesspoints Standort Detmold – ca. 195 Accesspoints Standort Höxter – ca. 64 Accesspoints Standort Herford - ca. 9 Accesspoints Standort Hochschule für Musik in Detmold – ca. 92 Accesspoints Wichtig: Sollten Sie feststellen, dass sie auf dem Campus an einer wichtigen Stelle schlechten Empfang haben, teilen sie dies bitte unserem Support mit. Wir sind bemüht, das Netz so dicht wie möglich auszubauen. Zugangsvoraussetzung Sie benötigen ein WLAN-fähiges Gerät und müssen an der Technischen Hochschule Ostwestfalen-Lippe registriert sein. Ihr Gerät muss die WLAN Standarts 802.11gn oder 802.11an/ac sowie 802.1x (Authentifizierung) unterstützen (WPA oder WPA2 PSK und ältere Geräte mit WEP werden nicht unterstüt"
https://www.th-owl.de/skim/dokumentation/funknetzwerk/,html,de,1,"en-Lippe registriert sein. Ihr Gerät muss die WLAN Standarts 802.11gn oder 802.11an/ac sowie 802.1x (Authentifizierung) unterstützen (WPA oder WPA2 PSK und ältere Geräte mit WEP werden nicht unterstützt). Zugänge Detailliertere Informationen finden sie in unseren Dokumentationen zum Thema WLAN: Das Funknetzwerk "" eduroam "" für Mitarbeitende und Studierende Das Gästefunknetzwerk "" Conference+Guests "" für Konferenzen und Tagungen E-Mail: support@th-owl.de Telefon: +49 5261 702-2222"
https://www.th-owl.de/en/skim/documentation/wireless-network/eduroam/,html,en,0,"S(kim) - Service Kommunikation Information Medien Dokumentation: Funknetzwerk (WLAN) TH OWL S(kim) Documentation Wireless network eduroam General information The eduroam WLAN is a standard that is offered at almost all universities and colleges. As soon as you are connected to the WLAN at the university, you are automatically connected to any other eduroam network worldwide. This also automatically applies to guests from other universities and colleges. Prerequisites The university certificate is required to use the eduroam network. If you do not yet have this, the following documentation will tell you how to obtain it and will then refer you back to this starting point: User certificate (If you already have the user certificate, you can skip this point) Configuration Operating system MS Windows 10/11 Apple macOS Linux Operating system (mobile) Apple iOS Android Note - As an alternative to the text and image instructions, you can also use our screencasts for setup."
https://www.th-owl.de/skim/dokumentation/funknetzwerk/eduroam/,html,de,0,"S(kim) - Service Kommunikation Information Medien Dokumentation: Funknetzwerk (WLAN) TH OWL S(kim) Dokumentation Funknetzwerk eduroam Allgemein Das eduroam WLAN ist ein Standard, der an fast allen Universitäten und Hochschulen angeboten wird. Sobald Sie in der Hochschule mit dem WLAN verbunden sind, kommen Sie automatisch in jedes andere eduroam Netz Weltweit. Dies gilt automatisch auch für Gäste aus anderen Universitäten und Hochschulen. Voraussetzungen Für die Nutzung des Netzwerks eduroam wird das Hochschulzertifikat benötigt. Sollte Ihnen dieses noch nicht vorliegen, erfahren Sie in der folgenden Dokumentation wie Sie es beschaffen und werden anschließend auch wieder an diesen Ausgangspunkt verwiesen: Hochschulzertifikat Sollte Ihnen das Hochschulzertifikat bereits vorliegen, können Sie diesen Punkt überspringen Konfiguration des Netzwerkes Betriebssystem MS Windows Apple macOS Linux Betriebssystem (mobil) Apple iOS Android Hinweis - Als Alternative zu den Text und Bildanleitungen können Sie auch unsere Screencasts zur Einrichtung nutzen."
https://www.th-owl.de/skim/dokumentation/funknetzwerk/eduroam/,html,de,1,können Sie auch unsere Screencasts zur Einrichtung nutzen.
https://www.th-owl.de/en/skim/documentation/wireless-network/eduroam/windows/,html,en,0,"S(kim) - Service Kommunikation Information Medien Dokumentation: Funknetzwerk (WLAN) TH OWL S(kim) Documentation Wireless network eduroam Windows To set up the ""eduroam"" wireless network, you need the following things in advance: Internet access - depending on your location, there are three ways to access the Internet: Via the free wireless network ""Conference & Guests"" at all university locations Via internet access with your smartphone From home via your own internet access (DSL) Your User certificate - You can find out how to obtain this certificate using the above internet access in the university certificate documentation . Note - As an alternative to the text instructions, you can also use our screencasts to set this up. (1) Download Open the URL: https://mdl.th-owl.de/mobile/ Use your username and password to log in. A second factor is also required to log in. Click on “Installer program” Download the installation program to the local computer (2) Open Open your Downloads folder and make sure that both files are present. (installation program and certificate). Start the installation by double-clicking on ""edurom-W10-TH-OWL"". If a security warning appears, confirm with “Execu"
https://www.th-owl.de/en/skim/documentation/wireless-network/eduroam/windows/,html,en,1,"and make sure that both files are present. (installation program and certificate). Start the installation by double-clicking on ""edurom-W10-TH-OWL"". If a security warning appears, confirm with “Execute” (3) Install Continue with “Next” in the welcome window. Confirm the message with “OK”. Confirm the next message (Installation is being prepared) with “OK” as well (4) Select certificate The installation program now requires the user certificate. To do this, open the Downloads folder, select the certificate (EduCert_XXX.p12) and confirm with “Open”. The installation requires the password for your username. Please enter it and click on “Install”. The installation program will now install the certificate and configure the network. This may take a while. (5) Finish When the installation is complete, you can close the window with a click on “Finish”. The connection to the ""eduroam"" network is now established automatically. If not, you can establish the connection by clicking on the network."
https://www.th-owl.de/skim/dokumentation/funknetzwerk/eduroam/windows/,html,de,0,"S(kim) - Service Kommunikation Information Medien Dokumentation: Funknetzwerk (WLAN) TH OWL S(kim) Dokumentation Funknetzwerk eduroam Windows Für die Einrichtung des Funknetzwerk "" eduroam "" benötigen Sie vorab die folgenden Dinge: Einen Zugang zum Internet - Diesen erhalten Sie je nach Standort über drei Möglichkeiten: Über das freie Funknetzwerk "" Conference & Guests "" an allen drei Standorten der Hochschule Über einen Internetzugang mit Ihrem Smartphone Von zu Hause über Ihren eigenen Internetzugang Ihr Hochschulzertifikat - Wie Sie dieses Zertifikat erhalten, erfahren Sie mit Hilfe des obigen Internetzugangs in der hier verwiesenen Dokumentation Hochschulzertifikat . Hinweis - Als Alternative zur Textanleitung können Sie auch unsere Screencasts zur Einrichtung nutzen. (1) Download URL: https://mdl.th-owl.de/mobile/ Für die Anmeldung nutzen Sie Ihren Benutzernamen und das Passwort. Außerdem ist ein zweiter Faktor zur Anmeldung notwendig. Eine Anleitung, wie Sie die Zwei Faktor-Authentifizierung einrichten, finden Sie hier in unserer Dokumentation zur Zwei Faktor Authentifizierung. Link zur S(kim)-Dokumentation: Zwei-Faktor-Authentifizierung Klicken Sie auf „WLAN Installationspro"
https://www.th-owl.de/skim/dokumentation/funknetzwerk/eduroam/windows/,html,de,1,"ntifizierung einrichten, finden Sie hier in unserer Dokumentation zur Zwei Faktor Authentifizierung. Link zur S(kim)-Dokumentation: Zwei-Faktor-Authentifizierung Klicken Sie auf „WLAN Installationsprogramm“ Download des Installationsprogramms auf den lokalen Rechner (2) Öffnen Rufen Sie ihren Downloads Ordner auf und stellen Sie sicher, dass beide Dateien vorhanden sind. (Installationsprogramm und Zertifikat). Starten Sie die Installation mit einem Doppelklick auf ""edurom-W10-TH-OWL"". Falls eine Sicherheitswarnung erscheint, mit „Ausführen“ bestätigen. (3) Installieren Beim Willkommensfenster mit „Weiter“ fortfahren. Den Hinweis (Nur für Anwender der TH-OWL) mit „OK“ bestätigen. Den nächsten Hinweis (Installation wird vorbereitet) ebenfalls mit „OK“ bestätigen (4) Zertifikat auswählen Das Installationsprogramm benötigt jetzt das Hochschulzertifikat. Dazu den Downloads Ordner aufrufen, das Zertifikat (EduCert_XXX.p12) auswählen und mit „Öffnen“ bestätigen. Das Installationsprogramm benötigt das Passwort zu ihrem Benutzernamen. Dieses bitte hier eintragen und auf „Installieren“ klicken. Das Installationsprogramm installiert nun das Zertifikat und konfiguriert das Netzwerk. Dies kann"
https://www.th-owl.de/skim/dokumentation/funknetzwerk/eduroam/windows/,html,de,2,"tigt das Passwort zu ihrem Benutzernamen. Dieses bitte hier eintragen und auf „Installieren“ klicken. Das Installationsprogramm installiert nun das Zertifikat und konfiguriert das Netzwerk. Dies kann eine Weile dauern. (5) Fertigstellen Wenn die Installation abgeschlossen ist, können Sie das Fenster über „Fertigstellen“ schließen. Die Installation des Zertifikats und die Konfiguration des Netzwerks ""eduroam"" sind jetzt erledigt. Die Verbindung zum Netzwerk ""eduroam"" wird nun automatisch hergestellt. Falls nicht, können Sie die Verbindung mit einem Klick auf das Netzwerk herstellen."
https://www.th-owl.de/en/skim/documentation/wireless-network/eduroam/apple-macos/,html,en,0,"S(kim) - Service Kommunikation Information Medien Dokumentation: Funknetzwerk (WLAN) TH OWL S(kim) Documentation Wireless network eduroam Apple macOS To set up the ""eduroam"" wireless network, you need the following things in advance: Internet access - depending on your location, there are three ways to access the Internet: Via the free wireless network ""Conference & Guests"" at all university locations Via internet access with your smartphone (tethering) From home via your own internet access (DSL) Note - As an alternative to the text and image instructions, you can also use our screencasts for setting up. Note - The interface may differ slightly depending on the macOS version, but the installation process is generaly the same. For current versions of macOS, you can install eduroam conveniently via the browser: (1) Download (2) Allow Download (3) Configuration profile (4) Profile System Settings (5) Install (6) Confirmation (7) Password (8) local authentication (9) Successfully connected (1) Download Open the website https://mdl.th-owl.de/mobile/ with a browser and click on ""EDUROAM_MOBILECONFIG"". Use your user name and password to log in. A second factor is also required to log in."
https://www.th-owl.de/en/skim/documentation/wireless-network/eduroam/apple-macos/,html,en,1,"d (1) Download Open the website https://mdl.th-owl.de/mobile/ with a browser and click on ""EDUROAM_MOBILECONFIG"". Use your user name and password to log in. A second factor is also required to log in. Instructions on how to set up two-factor authentication can be found here in our documentation on two-factor authentication. Link to the S(kim) documentation: Two-factor authentication (2) Allow Download Allow downloads from the website (3) Configuration profile The profile is downloaded. You should now open the system settings. (4) Profile System Settings Search for profiles in the system settings (5) Install Install the profile (6) Confirmation Continue the Installation (7) Password Enter the password of the user certificate (the same password as for the other services, for example ILIAS) (8) local authentication Enter the user password of your computer (9) Successfully connected The network can be connected"
https://www.th-owl.de/skim/dokumentation/funknetzwerk/eduroam/apple-macos/,html,de,0,"S(kim) - Service Kommunikation Information Medien Dokumentation: Funknetzwerk (WLAN) TH OWL S(kim) Dokumentation Funknetzwerk eduroam Apple macOS Für die Einrichtung des Funknetzwerk "" eduroam "" benötigen Sie vorab die folgenden Dinge: Einen Zugang zum Internet - Diesen erhalten Sie je nach Standort über drei Möglichkeiten: Über das freie Funknetzwerk "" Conference & Guests "" an allen drei Standorten der Hochschule Über einen Internetzugang mit Ihrem Smartphone (Tethering) Von zu Hause über Ihren eigenen Internetzugang (DSL) Hinweis - Als Alternative zur Text und Bildanleitung können Sie auch unsere Screencasts zur Einrichtung nutzen. Hinweis - Die Oberfläche kann je nach ""macOS""-Version geringfügig abweichen, der Ablauf der Installation ist aber identisch. Für aktuelle Versionen von macOS können Sie die eduroam-Installation bequem über den Browser vornehmen: (1) Webseite (2) Download (3) Profil (4) Systemeinstellungen (5) Installation (6) Fortfahren (7) Passwort (8) Benutzerdaten (9) Installation erfolgreich (1) Webseite Mit einem Browser die Webseite https://mdl.th-owl.de/mobile/ öffnen und auf ""EDUROAM_MOBILECONFIG"" klicken. Für die Anmeldung nutzen Sie Ihren Benutzernamen und da"
https://www.th-owl.de/skim/dokumentation/funknetzwerk/eduroam/apple-macos/,html,de,1,"nstallation erfolgreich (1) Webseite Mit einem Browser die Webseite https://mdl.th-owl.de/mobile/ öffnen und auf ""EDUROAM_MOBILECONFIG"" klicken. Für die Anmeldung nutzen Sie Ihren Benutzernamen und das Passwort. Außerdem ist ein zweiter Faktor zur Anmeldung notwendig. Eine Anleitung, wie Sie die Zwei Faktor-Authentifizierung einrichten, finden Sie hier in unserer Dokumentation zur Zwei Faktor Authentifizierung. Link zur S(kim)-Dokumentation: Zwei-Faktor-Authentifizierung (2) Download Der Webseite erlauben Dateien herunterzuladen (3) Profil Das Konfigurationsprofil ist heruntergeladen. Öffnen Sie die Systemeinstellungen, um fortzufahren. (4) Systemeinstellungen Wenn Sie nach Profile suchen, finden Sie das Konfigurationsprofil für Eduroam (5) Installation Hier klicken Sie auf den Button ""Installieren..."" (6) Fortfahren Jetzt können Sie Fortfahren (7) Passwort Passwort vom Benutzerzugang eingeben (8) Benutzerdaten Lokale Benutzerdaten eingeben, um die Installation der Zertifikate vorzunehmen. (9) Installation erfolgreich Die Installation war erfolgreich, wenn Sie dieses Bild sehen. Nun ist eine Verbindung zum WLAN-Netzwerk eduroam möglich."
https://www.th-owl.de/skim/dokumentation/funknetzwerk/eduroam/apple-macos/,html,de,2,"men. (9) Installation erfolgreich Die Installation war erfolgreich, wenn Sie dieses Bild sehen. Nun ist eine Verbindung zum WLAN-Netzwerk eduroam möglich."
https://www.th-owl.de/en/skim/documentation/wireless-network/eduroam/apple-ios/,html,en,0,"S(kim) - Service Kommunikation Information Medien Dokumentation: Funknetzwerk (WLAN) TH OWL S(kim) Documentation Wireless network eduroam Apple iOS To set up the ""eduroam"" wireless network, you need the following things in advance: Internet access - depending on your location, there are three ways to access the Internet: Via the free wireless network ""Conference & Guests"" at all university locations Via internet access with your smartphone (tethering) From home via your own internet access (DSL) Your user certificate - You can find out how to obtain this certificate (EduCert.p12) in the user certificate documentation . Note - As an alternative to the text and image instructions, you can also use our screencasts to set this up. (1) Download file (2) Authorize (3) System settings (4) Select profile (5) Install profile (6) Enter the code (7) Install (8) Confirm (9) Password (10) Done (11) Access possible (1) Download file Open the website mdl.th-owl.de/mobile/ in your browser and download the ""EDUROAM.MOBILECONFIG"" file. Use your username and password to log in. A second factor is also required to log in. Instructions on how to set up two-factor authentication can be found here in our"
https://www.th-owl.de/en/skim/documentation/wireless-network/eduroam/apple-ios/,html,en,1,"the ""EDUROAM.MOBILECONFIG"" file. Use your username and password to log in. A second factor is also required to log in. Instructions on how to set up two-factor authentication can be found here in our documentation on two-factor authentication. Link to the S(kim) documentation: Two-factor authentication (2) Authorize Click on ""Allow"" to enable the configuration (3) System settings Close the message and open the system settings (4) Select profile Select the loaded profile (5) Install profile Install the profile (6) Enter the code Enter the code of the device (7) Install Install the profile (8) Confirm Confirm the installation (9) Password Enter the password (10) Done Click on ""Done"" to complete the installation. (11) Access possible The profile is installed and access to the Eduroam network is possible."
https://www.th-owl.de/skim/dokumentation/funknetzwerk/eduroam/apple-ios/,html,de,0,"S(kim) - Service Kommunikation Information Medien Dokumentation: Funknetzwerk (WLAN) TH OWL S(kim) Dokumentation Funknetzwerk eduroam Apple iOS Für die Einrichtung des Funknetzwerk "" eduroam "" benötigen Sie vorab die folgenden Dinge: Einen Zugang zum Internet - Diesen erhalten Sie je nach Standort über drei Möglichkeiten: Über das freie Funknetzwerk "" Conference & Guests "" an allen drei Standorten der Hochschule Über einen Internetzugang mit Ihrem Smartphone Von zu Hause über Ihren eigenen Internetzugang Hinweis - Als Alternative zur Text und Bildanleitung können Sie auch unsere Screencasts zur Einrichtung nutzen. (1) Datei herunterladen (2) Zulassen (3) Systemeinstellungen (4) Profil auswählen (5) Profil installieren (6) Code eingeben (7) Installieren (8) Bestätigen (9) Passwort (10) Fertig (11) Zugriff möglich (1) Datei herunterladen Im Browser die Webseite https://mdl.th-owl.de/mobile/ öffnen und die ""EDUROAM.MOBILECONFIG"" Datei laden. Für die Anmeldung nutzen Sie Ihren Benutzernamen und das Passwort. Außerdem ist ein zweiter Faktor zur Anmeldung notwendig. Eine Anleitung, wie Sie die Zwei Faktor-Authentifizierung einrichten, finden Sie hier in unserer Dokumentation zur Zwei Fak"
https://www.th-owl.de/skim/dokumentation/funknetzwerk/eduroam/apple-ios/,html,de,1,"n und das Passwort. Außerdem ist ein zweiter Faktor zur Anmeldung notwendig. Eine Anleitung, wie Sie die Zwei Faktor-Authentifizierung einrichten, finden Sie hier in unserer Dokumentation zur Zwei Faktor Authentifizierung. Link zur S(kim)-Dokumentation: Zwei-Faktor-Authentifizierung (2) Zulassen Auf ""Zulassen"" klicken um die Konfiguration zu ermöglichen. (3) Systemeinstellungen Die Meldung Schließen und die Systemeinstellungen öffnen (4) Profil auswählen Das geladene Profil auswählen. (5) Profil installieren Das Profil installieren (6) Code eingeben Den Code des Geräts eingeben (7) Installieren Das Profil installieren (8) Bestätigen Die Installation bestätigen (9) Passwort Das Passwort zum Benutzerzugang eingeben (10) Fertig Auf ""Fertig"" klicken um die Installation abzuschließen. (11) Zugriff möglich Das Profil ist installiert und der Zugriff auf das Eduroam Netzwerk ist möglich"
https://www.th-owl.de/en/skim/documentation/wireless-network/eduroam/linux/,html,en,0,"S(kim) - Service Kommunikation Information Medien Dokumentation: Funknetzwerk (WLAN) TH OWL S(kim) Documentation Wireless network eduroam Linux To set up the ""eduroam"" wireless network, you need the following things in advance: Internet access - depending on your location, there are three ways to access the Internet: Via the free wireless network ""Conference & Guests"" at all three university locations Via internet access with your smartphone (tethering) From home via your own internet access (DSL) Your user certificate - You can find out how to obtain this certificate (EduCert.p12) with the help of the above Internet access in the user certificate documentation referred to here. Open the configuration for the WLAN networks on the Linux system, which can usually be opened via the context menu in the status bar. Note - The menus may look different. If you encounter any problems, you are welcome to contact us. Select the WLAN ""eduroam"" there and start the further configuration via the ""Connect"" button: Wifi-Security - For connection security, please use ""WPA & WPA2-Enterprise"" and ""TLS"" as authentication Identity - As the access authorization is defined via the certificate, you only n"
https://www.th-owl.de/en/skim/documentation/wireless-network/eduroam/linux/,html,en,1,"nnect"" button: Wifi-Security - For connection security, please use ""WPA & WPA2-Enterprise"" and ""TLS"" as authentication Identity - As the access authorization is defined via the certificate, you only need to ensure that the domain ""th-owl.de"" is used under ""Identity"". We recommend entering ""anonymous@th-owl.de"". User certificate - For the ""User certificate"" field, click on the field, select ""Load from file"" and select the downloaded user certificate ""EduCert.p12"". Private user key - The ""Private key"" field is filled in automatically. Password of the privat key - The required password is identical to your IDM password at the time of certificate creation. Checkbox - Activate the property ""CA certificate is not required"". Save settings - Save these settings using the ""Connect"" button, which also establishes the connection to Eduroam."
https://www.th-owl.de/skim/dokumentation/funknetzwerk/eduroam/linux/,html,de,0,"S(kim) - Service Kommunikation Information Medien Dokumentation: Funknetzwerk (WLAN) TH OWL S(kim) Dokumentation Funknetzwerk eduroam Linux Für die Einrichtung des Funknetzwerk "" eduroam "" benötigen Sie vorab die folgenden Dinge: Einen Zugang zum Internet - Diesen erhalten Sie je nach Standort über drei Möglichkeiten: Über das freie Funknetzwerk "" Conference & Guests "" an allen drei Standorten der Hochschule Über einen Internetzugang mit Ihrem Smartphone (Tethering) Von zu Hause über Ihren eigenen Internetzugang (DSL) Ihr Hochschulzertifikat - Wie Sie dieses Zertifikat (EduCert.p12) erhalten, erfahren Sie mit Hilfe des obigen Internetzugangs in der hier verwiesenen Dokumentation Hochschulzertifikat . Anwendung starten Eingabe Anwendung starten Öffnen Sie auf dem Linux-System die Konfigurations-Anwendung für die WLAN-Netzwerke, die sich üblicherweise über das Kontextmenü in der Statusleiste öffnen lässt. Wählen Sie dort die WLAN-ESSID ""eduroam"" aus und starten Sie die weitere Konfiguration über die Schaltfläche ""Verbinden"": Eingabe Wifi-Security - Für die Verbindungs-Sicherheit verwenden Sie bitte ""WPA- & WPA2-Enterprise"" und als Legitimierung ""TLS"" Identity - Da die Zugangsberechti"
https://www.th-owl.de/skim/dokumentation/funknetzwerk/eduroam/linux/,html,de,1,"ion über die Schaltfläche ""Verbinden"": Eingabe Wifi-Security - Für die Verbindungs-Sicherheit verwenden Sie bitte ""WPA- & WPA2-Enterprise"" und als Legitimierung ""TLS"" Identity - Da die Zugangsberechtigung über das Zertifikat festgelegt wird, ist unter ""Identität"" lediglich darauf zu achten, dass die Domäne ""th-owl.de"" verwendet wird. Wir empfehlen, ""anonymous@th-owl.de"" einzutragen. User-Zertifikat - Für das Feld ""User-Zertifikat"" klicken Sie auf das Feld, wählen Sie ""Aus Datei laden"" und wählen Sie das heruntergeladene Benutzerzertifikat "" EduCert.p12 "" aus. Geheimer User-Schlüssel - Das Feld ""Geheimer Schlüssel"" wird dabei automatisch gefüllt. Passwort des User-Schlüssels - Das benötigte Passwort ist identisch mit Ihrem IDM-Passwort zu dem Zeitpunkt der Zertifikatserstellung. Checkbox - Aktivieren Sie die Eigenschaft ""CA-Zertifikat ist nicht erforderlich"". Einstellungen sichern - Speichern Sie diese Einstellungen über die Schaltfläche ""Verbinden"", womit auch die Verbindung zum Eduroam hergestellt wird."
https://www.th-owl.de/en/skim/documentation/university-certificate/,html,en,0,"S(kim) - Service Kommunikation Information Medien Dokumentation: Hochschulzertifikat TH OWL S(kim) Documentation University certificate The university certificate is used to log in to the eduroam wireless network, to log in to the university via VPN and to register for exams in the student portal. Note: As an alternative to these instructions, you can also use our screencasts. Link to the screencasts: IT Basics The university certificate is only generated once. However, you can download it as often as you like. Your user password is linked to the certificate at the time of the request. You will need this password when installing the certificate. This means that if you want to reinstall the certificate at a later date and have changed your user password in the meantime, you will need the password from the time of the request. To set up the certificate, you must allow pop-ups in the web browser. Good to know: The identity management can be used with all common web browsers. However, we recommend the Mozilla Firefox web browser. Apply To apply, proceed as follows: Open the identity management (IDM) Link to the identity management https://idm.th-owl.de To log in, use your username and"
https://www.th-owl.de/en/skim/documentation/university-certificate/,html,en,1,"ecommend the Mozilla Firefox web browser. Apply To apply, proceed as follows: Open the identity management (IDM) Link to the identity management https://idm.th-owl.de To log in, use your username and password. A second factor is also required to log in. You can find instructions on how to set up two-factor authentication here: Link to the S(kim)-Documentation: two-factor authentication Go to the ""Applications (Anwendungen)"" tab Click on the field ""Request university certificate (Hochschulzertifikat anfordern)"" A new window or tab will open. Please make sure that your web browser allows this. Click on the ""Send (Senden)"" button to finalize the process. You will receive a notification that your application has been successful. Download and install To download , first go to the following page on your device: www.th-owl.de/mobile (link opens in new window). Then click on the “Certificate” button. Note: If you receive the message “no certificate”, you should apply for the certificate in the IDM. Then proceed as follows to install (depending on your device): Windows: Save the certificate and install it by double-clicking on it. macOS and iOS: The certificate is installed simply by settin"
https://www.th-owl.de/en/skim/documentation/university-certificate/,html,en,2,"IDM. Then proceed as follows to install (depending on your device): Windows: Save the certificate and install it by double-clicking on it. macOS and iOS: The certificate is installed simply by setting up the eduroam network. Android: Follow the eduroam and VPN instructions linked below Good to know: The website www.th-owl.de/mobile recognizes the operating system of your device and only offers you the appropriate components. If this recognition does not work - or you need a component in a different format - simply click on the word “Contact” at the bottom of the page. You will then see an overview of all operating systems. Important for Mozilla-Firefox users: The Mozilla Firefox browser does not use the certificates stored in the system, but has its own certificate management. If you want to access certificate-based pages (student portal, digital time recording) with this browser, you must also integrate the certificate in the browser. You can read how this works in these instructions: Setting up the university certificate in the Mozilla Firefox browser How do I continue reading with an existing certificate? After you have downloaded (and installed) the university certificate, you"
https://www.th-owl.de/en/skim/documentation/university-certificate/,html,en,3,": Setting up the university certificate in the Mozilla Firefox browser How do I continue reading with an existing certificate? After you have downloaded (and installed) the university certificate, you will learn in the following documentation how to set up the eduroam wireless network or the VPN connection with the certificate and how to install the certificate correctly in the web browser in order to access the student portal: Configuration of the eduroam wireless network Configuration of the university dial-in (VPN) Setting up the web browser for the student portal Delete If you want to delete the certificates installed on your device, you can find text instructions for your operating system here: MS Windows 10/11 Press the [Windows] and [R] keys simultaneously to open the ""Run"" command. Enter ""certmgr.msc"" here and confirm with ""OK"". The Certificate Manager will then start. Open the ""My certificates"" folder and click in the ""Certificates"" folder Delete the certificates of the university and confirm here to delete the certificate Apple macOS Open system settings Select profiles Click on the minus symbol Confirm that this profile should be deleted Enter the device password Apple i"
https://www.th-owl.de/en/skim/documentation/university-certificate/,html,en,4,"sity and confirm here to delete the certificate Apple macOS Open system settings Select profiles Click on the minus symbol Confirm that this profile should be deleted Enter the device password Apple iOS Open the settings Select the General menu item Now select the menu item VPN and device management Select configuration profiles Tap on ""Remove profile"" Enter your personal code Confirm with ""Remove"" Android First open the settings Scroll to the ""Device security"" menu item Scroll down and select ""Other security settings"" Select the menu item: ""Delete authorisations"" and confirm with ""OK"" Enter your PIN as the last step Renew If your certificate expires or you have applied for a new one, proceed as follows: Apply for a new certificate in the IDM (see section Apply) Delete the old certificates from your devices (see section Delete) Download the certificate and install it. (see section Download and install) Important: For use in the VPN client, the certificate must also be added again from client version 3 onwards. You can find more information here: Replacing the certificate in the VPN Client (Windows) Replacing the certificate in the VPN Client (iOS) Replacing the certificate in the V"
https://www.th-owl.de/en/skim/documentation/university-certificate/,html,en,5,client version 3 onwards. You can find more information here: Replacing the certificate in the VPN Client (Windows) Replacing the certificate in the VPN Client (iOS) Replacing the certificate in the VPN Client (macOS) Replacing the certificate in the VPN Client (Android) E-Mail: support@th-owl.de Phone: +49 5261 702-2222
https://www.th-owl.de/skim/dokumentation/hochschulzertifikat/,html,de,0,"S(kim) - Service Kommunikation Information Medien Dokumentation: Hochschulzertifikat TH OWL S(kim) Dokumentation Hochschulzertifikat Um verschiedene Dienste der TH OWL nutzen zu können, benötigen Hochschulmitglieder ein persönliches Hochschulzertifikat. Für folgende Dienste ist ein Hochschulzertifkat nötig: Funknetzwerk Eduroam Hochschuleinwahl per VPN Anmelden im Studierendenportal (zur Prüfungsanmeldung und -übersicht) In der folgenden Dokumentation erfahren Sie alles Wissenswerte rund um das Hochschulzertifkat: Allgemeines zum Hochschulzertifikat Hochschulzertifikat beantragen Herunterladen und installieren Hochschulzertifikat löschen Hochschulzertifikat erneuern Das Hochschulzertifikat ist eine Datei, die für jedes Hochschulmitglied auf Antrag erstellt wird. Mit dem Hochschulzertifikat authentifizieren Sie sich für verschiedene Dienste der TH OWL. Um es nutzen zu können, gehen Sie folgendermaßen vor: Beantragen Sie das Zertifkat einmalig im Benutzerportal (IDM), danach können Sie das Zertfikat so oft herunterladen wie Sie mögen. Konfigurieren Sie das Zertifikat für den gewünschten Dienst. Gut zu wissen: Das Hochschulzertifikat hat eine Gültigkeit von fünf Jahren. Etwa einen Mon"
https://www.th-owl.de/skim/dokumentation/hochschulzertifikat/,html,de,1,"as Zertfikat so oft herunterladen wie Sie mögen. Konfigurieren Sie das Zertifikat für den gewünschten Dienst. Gut zu wissen: Das Hochschulzertifikat hat eine Gültigkeit von fünf Jahren. Etwa einen Monat vor Ablauf der Gültigkeit werden Sie automatisch per E-Mail darüber informiert. Wie Sie Ihr Zertifikat dann erneuern können, lesen Sie in dem Abschnitt Zertifikat erneuern . Ehe Sie das Hochschulzertifikat einsetzen können, müssen Sie dieses einmalig im Benutzerportal (IDM) beantragen. Gehen Sie dazu wie folgt vor: Öffnen Sie das Benutzerportal (IDM) Link zum Benutzerportal: https://idm.th-owl.de Für die Anmeldung nutzen Sie Ihren Benutzernamen und Ihr Passwort. Außerdem ist ein zweiter Faktor zur Anmeldung notwendig. Gehen Sie auf den Reiter ""Anwendungen"" Klicken Sie auf das Feld ""Hochschulzertifikat anfordern"" Es öffnet sich ein neues Fenster oder Tabulator. Bitte stellen Sie sicher, dass Ihr Webbrowser Pop-Ups zulässt. Klicken Sie auf den Button ""Senden"", um den Vorgang abzuschließen. Sollten Sie bereits zuvor ein Zertifikat beantragt haben, werden SIe an dieser Stelle darauf hingewiesen, dass dieses durch den Vorgang ungültig wird. Bestätigen Sie dies mit ""Ja"". Sie erhalten eine"
https://www.th-owl.de/skim/dokumentation/hochschulzertifikat/,html,de,2,". Sollten Sie bereits zuvor ein Zertifikat beantragt haben, werden SIe an dieser Stelle darauf hingewiesen, dass dieses durch den Vorgang ungültig wird. Bestätigen Sie dies mit ""Ja"". Sie erhalten einen Hinweis über das erfolgreiche Beantragen. Gut zu wissen: Ihr Zertifikat wird mit dem zum Zeitpunkt der Beantragung gültigen Kennwort aus Ihrem Benutzerzugang verknüpft. Das bedeutet: Selbst wenn Sie Ihr Passwort später einmal ändern, ist für das Zertifikat noch das ursprüngliche Passwort gültig. Rufen Sie zum Herunterladen auf Ihrem Endgerät zunächst folgende Seite auf: www.th-owl.de/mobile (Link öffnet in neuem Fenster). Klicken Sie dann auf den Button ""Hochschulzertifikat"" und speichern Sie dieses. Hinweis: Wenn Sie die Meldung “kein Zertifikat” erhalten, sollten Sie das Zertifikat im IDM beantragen. Im Anschluss gehen Sie zum Installieren je nach Endgerät wie folgt vor: Windows: Speichern Sie das Zertifikat und installieren Sie dieses per Doppelklick. Wählen Sie als Speicherort ""Aktueller Benutzer"" aus und folgen Sie den Anweisungen. macOS und iOS: Das Installieren des Zertifikates erfolgt einfach über die Einrichtung des Eduroam Netzwerkes (siehe Verweis unten). Android: folgen S"
https://www.th-owl.de/skim/dokumentation/hochschulzertifikat/,html,de,3,"ller Benutzer"" aus und folgen Sie den Anweisungen. macOS und iOS: Das Installieren des Zertifikates erfolgt einfach über die Einrichtung des Eduroam Netzwerkes (siehe Verweis unten). Android: folgen Sie den unten verlinkten Anleitungen für Eduroam und VPN. Gut zu wissen: Die Seite www.th-owl.de/mobile erkennt das Betriebssystem Ihres Gerätes und bietet Ihnen nur die dazu passenden Komponenten an. Sollte diese Erkennung einmal nicht funktionieren - oder Sie benötigen eine der Komponenten in einem andern Format, klicken Sie im Fuß der Seite einfach auf das Wort “Kontakt”. Sie bekommen dann eine Übersicht aller Betriebssysteme. Wichtig für Mozilla-Firefox-Nutzende: Der Browser Mozilla Firefox greift nicht auf die im System hinterlegten Zertifikate zurück, sondern hat eine eigene Zertifikatsverwaltung. Wenn Sie mit diesem Browser auf zertifkatsbasierte Seiten (z.B. Studierendenportal) zugreifen möchten, müssen Sie das Zertifikat auch im Browser einbinden. Wie das funktioniert, lesen Sie in dieser Anleitung: Einrichtung Hochschulzertifikat im Browser Mozilla Firefox Wie lese ich mit vorhandenem Zertifikat weiter? Nachdem Sie sich das Hochschulzertifikat heruntergeladen (und installiert)"
https://www.th-owl.de/skim/dokumentation/hochschulzertifikat/,html,de,4,"dieser Anleitung: Einrichtung Hochschulzertifikat im Browser Mozilla Firefox Wie lese ich mit vorhandenem Zertifikat weiter? Nachdem Sie sich das Hochschulzertifikat heruntergeladen (und installiert) haben, erfahren Sie in den folgenden Dokumentationen wie Sie mit dem Zertifikat das Funknetzwerk Eduroam oder die VPN Verbindung einrichten und wie Sie das Zertifikat korrekt im Webbrowser installieren, um auf das Studierendenportal zuzugreifen: Konfiguration des Funknetzwerk eduroam Konfiguration der Hochschuleinwahl (VPN) Einrichten des Webbrowsers für das Studierendenportal Allgemein Windows 10/11 Apple macOS Apple iOS Android Allgemein Es gibt verschiedene Gründe, das Hochschulzertifikat von einem Gerät zu entfernen. Einer davon ist das Löschen eines abgelaufenen Zertifkates, ehe Sie ein aktuelles Zertifkat aufspielen. Lesen Sie in den folgenden Abschnitten wie Sie das Zertifikat unter verschiedenen Betriebssystemen entfernen. Windows 10/11 MS Windows 10/11 Drücken Sie gleichzeitig auf die Tasten [Windows] und [R], sodass sich der Befehl ""Ausführen"" öffnet. Geben Sie hier ""certmgr.msc"" ein und bestätigen Sie mit ""OK"". Anschließend startet der Zertifikat-Manager. Öffnen Sie den Ord"
https://www.th-owl.de/skim/dokumentation/hochschulzertifikat/,html,de,5,"f die Tasten [Windows] und [R], sodass sich der Befehl ""Ausführen"" öffnet. Geben Sie hier ""certmgr.msc"" ein und bestätigen Sie mit ""OK"". Anschließend startet der Zertifikat-Manager. Öffnen Sie den Ordner ""Eigene Zertifikate"" und klicken in den Ordner ""Zertifikate"". Löschen Sie Ihr persönliches Hochschulzertifikat (xyz-xyz@th-owl.de, Ausgestellt von: TH OWL User CAv1) per Rechtsklick. Apple macOS Apple macOS Systemeinstellungen öffnen Profile auswählen Auf das Minussymbol klicken Bestätigen das dieses Profil gelöscht werden soll Passwort des Geräts eingeben Apple iOS Apple iOS Öffnen Sie die Einstellungen Wählen Sie den Menüpunkt ""Allgemein"" aus Wählen Sie den Menüpunkt ""VPN und Geräteverwaltung"" aus Klicken Sie auf das zu löschende Profil (beispielsweise EduroamV1@TH-OWL) - löschen Sie nicht das E-Mail-Profil, wenn vorhanden (Mail@TH-OWL) Klicken Sie auf ""Profil entfernen"" Geben Sie den Entsperrcodes des Endgerätes ein Bestätigen Sie final mit ""Entfernen"" Android Android Zuerst öffnen Sie die Einstellungen Scrollen Sie zum Menüpunkt ""Gerätesicherheit"" Nach unten scrollen und ""Andere Sicherheitseinstellungen"" auswählen Wählen Sie den Menüpunkt: ""Berechtigungen löschen"" aus und bestä"
https://www.th-owl.de/skim/dokumentation/hochschulzertifikat/,html,de,6,"Sie die Einstellungen Scrollen Sie zum Menüpunkt ""Gerätesicherheit"" Nach unten scrollen und ""Andere Sicherheitseinstellungen"" auswählen Wählen Sie den Menüpunkt: ""Berechtigungen löschen"" aus und bestätigen Sie mit ""OK"" Geben als letzten Schritt Ihren PIN ein Allgemein Zertifikat im VPN-Client tauschen Allgemein Falls Ihr Zertifikat abläuft oder Sie ein neues beantragt haben, müssen Sie alle alten Zertifikate von Ihrem Endgerät entfernen und dann den Beschaffungs- und Installationsvorgang erneut durchlaufen. Wir haben Ihnen hier die entsprechenden Abschnitte noch einmal verlinkt. Mitarbeitende der Verwaltung möchten wir bitten, Kontakt mit dem S(kim) aufzunehmen, da hier das Zertifikatsupdate ein wenig anders verläuft als unten beschrieben. Hinweis: Die hier angegebenen Abschnitte öffnen sich jeweils in neuen Fenstern, damit Sie dieses Fenster als Basis beibehalten können. Beantragen Sie im IDM ein neues Zertifikat ( Link zum Abschnitt Beantragen ) Löschen Sie die alten Zertifikate von Ihren Geräten ( Link zum Abschnitt Löschen ) - ACHTUNG: Nach dem Löschen werden Verbindungen per Eduroam oder per VPN unterbrochen. Laden Sie sich das Zertifikat herunter und installieren Sie es. ( Ab"
https://www.th-owl.de/skim/dokumentation/hochschulzertifikat/,html,de,7,"Ihren Geräten ( Link zum Abschnitt Löschen ) - ACHTUNG: Nach dem Löschen werden Verbindungen per Eduroam oder per VPN unterbrochen. Laden Sie sich das Zertifikat herunter und installieren Sie es. ( Abschnitt Herunterladen und Installieren ) Gut zu wissen: Bitte beachten Sie, dass das Zertifikat in einigen Fällen für die Hochschuleinwahl per VPN getauscht werden muss. Mehr dazu lesen Sie unter dem Reiter ""Zertifikat im VPN-Client tauschen"". Zertifikat im VPN-Client tauschen Für die Nutzung des Zertifkates im VPN-Client muss das Zertifikat ab der Client-Version 3 in diesem zudem noch einmal hinzugefügt werden. Bei vom S(kim) gemanagten Windows-Rechnern (beispielsweise in Verwaltung und IWD) müssen Sie diesen Schritt nicht vornehmen. So finden Sie die Versionsnummer Ihres VPN-Clients heraus: Gehen Sie in die Einstellungen Ihres VPN-Clients. Unter Windows erreichen Sie diese mit einem Rechtsklick auf das VPN-Symbol in der Taskleiste. Unter dem Eintrag ""Über"" oder ""About"" finden Sie zwei Hinweise zu der Versionsnummer des Clients (beispielsweise OpenVPN v2.6.7). Die erste Ziffer gibt Aufschluss über die Version. Die ebenfalls hier angegebene Versionsnummer der Benutzeroberfläche (beispi"
https://www.th-owl.de/skim/dokumentation/hochschulzertifikat/,html,de,8,nweise zu der Versionsnummer des Clients (beispielsweise OpenVPN v2.6.7). Die erste Ziffer gibt Aufschluss über die Version. Die ebenfalls hier angegebene Versionsnummer der Benutzeroberfläche (beispielsweise OpenVPN GUI v.11.45.0.0) ist für Sie in diesem Zusammenhang nicht relevant. Weitere Infos finden Sie hier: Austausch des Zertifikats im VPN Client (Windows ) Austausch des Zertifikats im VPN Client (iOS) Austausch des Zertifikats im VPN Client (macOS) Austausch des Zertifikats im VPN Client (Android) E-Mail: support@th-owl.de Telefon: +49 5261 702-2222
https://www.th-owl.de/skim/dokumentation/hochschuleinwahl/windows-aktualisierung-des-clients/,html,de,0,"S(kim) - Service Kommunikation Information Medien Dokumentation: Hochschuleinwahl TH OWL S(kim) Dokumentation Hochschuleinwahl Windows - Aktualisierung des Clients Einrichtung des VPN-Clients unter Windows. Dieser Screencast zeigt einen nicht mehr aktuellen Stand. Mittlerweile erhalten Sie alle benötigten Komponenten auf der Seite www.th-owl.de/mobile (nicht wie angegeben auf www.th-owl.de/mobile/vpn.shtml). Wie Sie den neuen Client für Windows installieren, sehen Sie im nebenstehenden Screencast. Alternativ können wir Ihnen unten eine schriftliche Anleitung zur Verfügung stellen. Gut zu wissen: Bitte beachten Sie, dass der Screencast nur die Installation und Konfiguration des neuen Clients zeigt. Wenn Sie einen alten Client entfernen möchten, lesen Sie bitte in der schriftlichen Anleitung den Abschnitt ""4. Alten Client löschen"". 1. Download 2. Installation 3. Zertifikat einbinden 4. Alten Client löschen 5. Weitere Endgeräte 1. Download Um den VPN-Client zu aktualisieren, benötigen Sie folgende drei Komponenten, die Sie sich von der unten verlinkten Seite herunterladen können: Client (das Programm) => Klicken Sie auf den Button ""VPN-Client V3"" Konfigurationsdate i => Klicken Sie au"
https://www.th-owl.de/skim/dokumentation/hochschuleinwahl/windows-aktualisierung-des-clients/,html,de,1,"folgende drei Komponenten, die Sie sich von der unten verlinkten Seite herunterladen können: Client (das Programm) => Klicken Sie auf den Button ""VPN-Client V3"" Konfigurationsdate i => Klicken Sie auf ""VPN-Konfiguration V3"" Hochschulzertifikat => Klicken Sie auf “Hochschulzertifikat” Hier finden Sie die Komponenten: https://www.th-owl.de/mobile/ (Link öffnet in neuem Fenster, ggf. ist eine Anmeldung mit Benutzernamen, Passwort sowie Zwei-Faktor-Authentifizierung nötig) 2. Installation Client Öffnen Sie die Download-Datei des Clients (Endung: *.msi) Stimmen Sie dem Hinweis auf die Installationsrisiken und der Nutzervereinbarung zu Starten Sie den Client Zertifikat Gehen Sie in dem Client auf das Menü mit den drei waagrechten Streifen (Burgermenü) und wählen Sie ""Certificate&Tokens"" Klicken Sie ""Add Certificate"" und wählen Sie die Datei ""eduCert.p12"" aus Ihrem Downloadordner aus Import-Profil Wechseln Sie im Burgermenü auf den Bereich ""Import Profiles"" Wählen Sie den Reiter ""Upload File"" Browsen Sie zu Ihrem Download-Ordner und wählen Sie die Datei ""th-owl.de.ovpn"" aus 3. Zertifikat einbinden Sollte das Programm nicht automatisch in den Bereich ""Profiles"" wechseln, navigieren Sie di"
https://www.th-owl.de/skim/dokumentation/hochschuleinwahl/windows-aktualisierung-des-clients/,html,de,2,""" Browsen Sie zu Ihrem Download-Ordner und wählen Sie die Datei ""th-owl.de.ovpn"" aus 3. Zertifikat einbinden Sollte das Programm nicht automatisch in den Bereich ""Profiles"" wechseln, navigieren Sie diesen bitte über das Burgermenü an Klicken Sie auf ""Assign"" Wählen Sie Ihr Hochschulzertifikat aus (Setzen des Punktes) Klicken Sie auf ""Confirm"" Verbinden Sie sich abschließend mit ""Connect"" 4. Alten Client löschen Nachdem Sie nun erfolgreich den neuen Client installiert haben, können Sie die alte Software löschen. Gehen Sie dazu in den Einstellungs-Bereich Ihres Rechners Wählen Sie den Punkt ""Apps"" aus Suchen Sie aus der Liste den alten Client (OpenVPN 2.x.xxxx) Wählen Sie ""Deinstallieren"" aus 5. Weitere Endgeräte Wie Sie weitere Endgeräten konfigurieren, lesen Sie in diesen Abschnitten: MacOS - Aktualisierung der VPN-Konfiguration iOS - Aktualsierung der VPN-Konfiguration Android - Aktualisieriung der VPN-Konfiguration"
https://www.th-owl.de/skim/dokumentation/,html,de,0,"S(kim) - Service Kommunikation Information Medien TH OWL S(kim) Dokumentation Alle Ausleihe (Bibliothek) Leihfristen, Gebühren, Verlängerung, Vormerken, Bestellung, Anschaffung Benutzerzugang IDM, Selfservice, Beantragung, Voraussetzung, Passwörter CampusCard (KISOWL) TH-Ausweis, Antrag, Bezahlen, Drucken, Schließsystem Campus Management Telefonverzeichnis, Pläne: Raum, Prüfung, Stunden, Semester Cisco Webex Telefonie, Webkonferenzen, Web­vorlesungen, Chat, Kontakte, Suche Dienstreise im Ausland Ausland, Datenschutz, Vorbereitung, Gefahren Druckmanagement Drucken, Scannen, Kopieren, Multifunktionsgeräte E-Mail-Konto Einrichtung, Outlook, Webmail, Kalender, Exchange eKlausuren digitales Prüfen, Prüfungsplattform, eAssessment ELSA Hochschulbibliografie, Publizieren, Publikationslisten Fachdatenbanken Aufsatzdatenbanken, Volltexte, Normen, Verfügbarkeit Fernleihe Bücher, Aufsätze, Kosten, Durchführung, Beschaffung, FAQ Fernwartung Remote, Fernsteuerung, Desktop-Support, ISL-Online Forschungsdatenmanagement Forschung, Forschungsdaten, Datenmanagementplan, FDM Funknetzwerk WLAN, eduroam, Hotspot, Besucher-Zugänge, Smartphone, Tablet Git-Versionierung Versionierung, GitLab, Branch, Pull,"
https://www.th-owl.de/skim/dokumentation/,html,de,1,"ngsdatenmanagement Forschung, Forschungsdaten, Datenmanagementplan, FDM Funknetzwerk WLAN, eduroam, Hotspot, Besucher-Zugänge, Smartphone, Tablet Git-Versionierung Versionierung, GitLab, Branch, Pull, Merge, CI/CD Gruppen- und Arbeitsräume Lernräume, Einzelarbeitsplätze, Besprechungsräume, Buchung Hardware Software Rahmenverträge Downloads, Lizenzen, Mitarbeitende, Studierende, Sicherheitssoftware Hochschularchiv Hochschulgeschichte, Aktenaufbewahrung, Digitalisierung Hochschuleinwahl VPN-Client, OpenVPN, Konfiguration, Externe Einwahl Hochschulzertifikat Beschaffung, WLAN-Zertifikat, eduroam, EduCert.p12, Browserzertifikat IT-Sicherheit Passwörter, Spam, Phishing, Links, Infiziert, Speicher, Backup Kalenderabonnement Termine, iCal, S(kim)-Kalender, Hochschul-Kalender, Screencasts KIS-Portal Einschreibung, Leistungen, Bescheide, Adressen, Prüfungen Lehrdidaktik Lehre, hybrid, online, analog, Beratung, Methoden, eCampus Lernplattform eCampus ILIAS, LMS, E-Learning, Lernräume, Kurse, Gruppen, Materialien Lernzentrum Beratung, Lernräume, Lernbegleitung, Schlüsselkompetenzen Literaturverwaltung Citavi, Mendeley, Zotero, Apps, APA-Style, Zitation, Bibtex Mediensuche Medien- und Informat"
https://www.th-owl.de/skim/dokumentation/,html,de,2,"ppen, Materialien Lernzentrum Beratung, Lernräume, Lernbegleitung, Schlüsselkompetenzen Literaturverwaltung Citavi, Mendeley, Zotero, Apps, APA-Style, Zitation, Bibtex Mediensuche Medien- und Informationskatalog, Artikel und mehr, Benutzerkonto Mobiles Arbeiten Flexibilität, Home Office, Dienstreise, Hörsaal, Konferenzraum New Work Kommunikation, Flexibilität, Hybrides Arbeiten Nutzungsbedingungen Verwaltungs- und Benutzungsordnung, Gebührenordnung, TOM Open Science Offene Wissenschaft, gute wissenschaftliche Praxis Passwortsafe KeePass, Passwortmanager, Zugangsdaten Prüfungsangelegenheiten Studiengangsentwicklung, Prüfungs­organisation, Ausgestaltung Publizieren Open Access, Veröffentlichungen, Publikationsgebühr, CC-Lizenzen RSS-Feeds Kurznachrichten, App, Kommunikation, Schnelle Benachrichtigung Scannen Auflichtscanner, Zeitschriften scannen, Versenden Schließsystem Schließberechtigung, Bürotüren, Eingangstüren, CampusCard (KISOWL) Screencast: BIB-Basiswissen Bibliothekskonto, Ausleihe, eBook, Printbook Screencast: IT-Basisausstattung Benutzerzugang, Hochschuleinwahl, E-Mail, WLAN, CampusCard Semesterapparat Literaturzusammenstellungen digital und analog Semesterticket Webshop,"
https://www.th-owl.de/skim/dokumentation/,html,de,3,"ihe, eBook, Printbook Screencast: IT-Basisausstattung Benutzerzugang, Hochschuleinwahl, E-Mail, WLAN, CampusCard Semesterapparat Literaturzusammenstellungen digital und analog Semesterticket Webshop, öffentliche Verkehrsmittel, Bus, Bahn Shared-Desk-Arbeitsplätze Mobiles Arbeiten, Dockingstation, Bildschirm-Einrichtung, Clean-Desk S(kim)-Service-Point (Online) Kundenportal, Anfragen, Jira, Wissensdatenbank Studienplaner Campus Office, digitaler Stundenplan, Praktika buchen, digitaler Semesterplan Studierendenportal Anmeldungen zu Prüfungen, Einrichtung, An- und Abmeldung Studienstart IT, Bibliothek, Lehre & Lernen: Support, Unterstützung Studieren in Herford CampusCard, Bibliothek, Lernzentrum, Vorkurse Suchtipps Suche, Recherche, Google, Intranet, E-Medien, Internet Sync & Share Netzlaufwerk, Dropbox, Filr, Projektlaufwerk Telefonie VoIP, Rufumleitung, Fax, Kollaboration, Adressbuch, Video-Telefonie UFOowl Umgang mit Forschungsdaten, FDM, Forschungsdatenmanagement Umfragetool Slido Umfragetool, Abstimmungen, Multiple Choice, Zusammenarbeit Urheberrecht Paragraph 60a, zitieren, VG Wort, Pauschalvergütung, Einzelabrechnung Vorkurse Studienvorbereitung, Mathe, Englisch, Physik, Chemi"
https://www.th-owl.de/skim/dokumentation/,html,de,4,"fragetool, Abstimmungen, Multiple Choice, Zusammenarbeit Urheberrecht Paragraph 60a, zitieren, VG Wort, Pauschalvergütung, Einzelabrechnung Vorkurse Studienvorbereitung, Mathe, Englisch, Physik, Chemie Zugriff eMedien, Fachdatenbanken Hochschul­einwahl, OpenVPN, Benutzer­zugang, Shibboleth Zwei-Faktor-Authentifizierung Einrichtung App (TOTP), Anwendung, Zurücksetzen E-Mail: support@th-owl.de Telefon: +49 5261 702 2222"
https://www.th-owl.de/skim/dokumentation/studierendenportal/einrichtung/firefox/,html,de,0,"S(kim) - Service Kommunikation Information Medien Dokumentation: Studierendenportal TH OWL S(kim) Dokumentation Studierendenportal Einrichtung Firefox Allgemein Um mit dem Webbrowser Zugang zur Prüfungsanmeldung zu erhalten, muss das Hochschulzertifikat im Webbrowser installiert sein. Im Folgenden wird erläutert wie Sie das Hochschulzertifikat installieren: Da Mozilla Firefox eine eigene zum Betriebssystem separate Zertifikatsverwaltung besitzt, muss die folgende Zertifikatseinrichtung immer erfolgen, unabhängig ob auf dem Gerät bereits das Funknetzwerk eduroam eingerichtet wurde. Noch kein Zertifikat vorhanden Sollten Sie an dieser Stelle noch kein Hochschulzertifikat besitzen, erfahren Sie in dem folgenden Verweis wie Sie es beschaffen und werden anschließend auch wieder an diesen Ausgangspunkt verwiesen: Hochschulzertifikat . Zertifikatseinrichtung Öffnen Sie im Webbrowser Mozilla Firefox die Einstellungen und gehen Sie dort zu dem Bereich ""Datenschutz & Sicherheit"". Hier finden Sie im unteren Bereich den Punkt Zertifikate. Sollten Sie diesen Bereich nicht sofort finden (macOS, MS Windows) geben Sie einfach in der dortigen Suche ""Zertifikat"" ein. Klicken Sie im Bereich Zertifika"
https://www.th-owl.de/skim/dokumentation/studierendenportal/einrichtung/firefox/,html,de,1,"im unteren Bereich den Punkt Zertifikate. Sollten Sie diesen Bereich nicht sofort finden (macOS, MS Windows) geben Sie einfach in der dortigen Suche ""Zertifikat"" ein. Klicken Sie im Bereich Zertifikate auf ""Zertifikate anzeigen"" Wählen Sie dort den Reiter ""Ihre Zertifikate"" und dort klicken Sie auf ""Importieren"" Wählen Sie dann in dem erscheinden Dateiauswahldialog Ihr Hochschulzertifikat aus und klicken Sie dann auf ""Öffnen"" In dem nun folgenden Dialog müssen Sie Ihr geschütztes Hochschulzertifikat durch die Eingabe Ihres Passworts Ihres Benutzerzugangs bestätigen. Geben Sie also Ihr Passwort ein. Sollten Sie Fragen zu Ihrem Passwort haben, finden Sie Informationen in der folgenden Dokumentation: Benutzerzugang Sie erhalten eine Bestätigung über den erfolgreichen Import. Kontrolle Kontrollieren Sie die korrekte Zertifikatsinstallation durch den Aufruf des folgenden URLs: https://secure.th-owl.de Sollte eine Fehlermeldung erscheinen liegt noch ein Problem vor. Sollte der Text ""Connected with a valid certificate! Mit gültigem Zertifikat verbunden!"" erscheinen wurde das Zertifikat korrekt im Webbrowser installiert. Wie geht es weiter Lesen Sie nach der erfolgreichen Zertifikatsinsta"
https://www.th-owl.de/skim/dokumentation/studierendenportal/einrichtung/firefox/,html,de,2,"ed with a valid certificate! Mit gültigem Zertifikat verbunden!"" erscheinen wurde das Zertifikat korrekt im Webbrowser installiert. Wie geht es weiter Lesen Sie nach der erfolgreichen Zertifikatsinstallation im folgenden Kapitel: ""An-/Abmeldung"" wie Sie sich am Studierendenportal anmelden: An-/Abmeldung"
https://www.th-owl.de/skim/dokumentation/hochschuleinwahl/,html,de,0,"S(kim) - Service Kommunikation Information Medien Dokumentation: Hochschuleinwahl TH OWL S(kim) Dokumentation Hochschuleinwahl Wozu dient die Hochschuleinwahl (VPN)? Mit der Hochschuleinwahl ist der Zugriff auf das Netzwerk der Hochschule ortsunabhängig möglich. Auf diese Weise können Sie auf Ihr persönliches Netzlaufwerk und gemeinschaftlich genutzte Netzlaufwerke, Formulare im Intranet, lizenzpflichtige Inhalte der Bibliothek wie eBooks und ähnliche Ressourcen zugreifen. Zugangsvorausetzungen Um eine Verbindung mit dem Hochschulnetzwerk aufbauen zu können, benötigen Sie eine Internetverbindung. Alle darüber hinaus zur Einrichtung der VPN-Einwahl benötigten Bestandteile sind: VPN-Client - Die Software für die VPN-Einwahl. Hochschulzertifikat - Bereits im Einsatz für das Funknetzwerk eduroam und unser Studierendenportal QIS-Server Konfigurationsdatei - Eine Konfigurationsdatei mit allen notwendigen Parametern für die VPN-Einwahl wie bspw. Rechnername, Protokolle, etc. Alle drei Bestandteile können Sie in den folgenden Anleitungen direkt aus dem Internet - ohne eine dafür notwendige Einwahl - beziehen (Download). Hinweis: Sie haben noch kein Hochschulzertifikat beantragt? Dann hilft"
https://www.th-owl.de/skim/dokumentation/hochschuleinwahl/,html,de,1,"teile können Sie in den folgenden Anleitungen direkt aus dem Internet - ohne eine dafür notwendige Einwahl - beziehen (Download). Hinweis: Sie haben noch kein Hochschulzertifikat beantragt? Dann hilft Ihnen unsere Dokumentation weiter. Die VPN-Einwahl über das Hochschulzertifikat hat den Vorteil, dass eine Anmeldung beim Verwenden des VPN-Tools nicht erforderlich ist. Die Authentifizierung erfolgt über das hinterlegte Zertifikat. Gut zu wissen : Ihr heruntergeladenes Hochschulzertifikat finden Sie im entsprechenden Ordner unter dem Namen ""EduCert.p12"". Konfiguration Microsoft Windows Apple macOS Apple iOS Android Linux Hinweis - Als Alternative zu den Text und Bildanleitungen können Sie auch unsere Screencasts zur Einrichtung nutzen. AKTUELL: So erneuern Sie die Konfiguration Auf diesen Seiten erklären wir die Aktualisierung der Konfiguration für folgende Betriebssysteme: Microsoft Windows (inkl. Neuinstallation des Clients) Apple iOS Apple MacOS Android Linux-User rufen von ihrem Linux-Gerät einfach folgenden Link auf, um zu der Konfiguration für Linux zu gelangen: Konfiguration E-Mail: support@th-owl.de Telefon: +49 5261 702-2222"
https://www.th-owl.de/skim/dokumentation/hochschuleinwahl/,html,de,2,"x-Gerät einfach folgenden Link auf, um zu der Konfiguration für Linux zu gelangen: Konfiguration E-Mail: support@th-owl.de Telefon: +49 5261 702-2222"
https://www.th-owl.de/skim/dokumentation/studierendenportal/,html,de,0,"S(kim) - Service Kommunikation Information Medien Dokumentation: Studierendenportal TH OWL S(kim) Dokumentation Studierendenportal HINWEIS: Das Studierendenportal ist abgängig, da die Prüfungsanmeldung und die Leistungseinsicht künftig im KIS-Portal möglich sein wird. Dieses Portal wird dennoch einige Zeit zugänglich bleiben, damit Sie ggf. Ihre erbrachten Leistungen mit den Einträgen im KIS-Portal vergleichen können. Die untenstehende Dokumentation wird nicht mehr aktualisiert. Das Studierendenportal ist die zentrale Anlaufstelle rund um Ihre Prüfungsorganisation und den Erhalt von Dokumenten als Nachweis. Die folgende Punkte und Funktionalitäten finden Sie hier: Noteneinsicht zu erbrachten Prüfungsleistungen Download Notenbescheinigung (PDF) Die folgenden Kapitel erläutern den Zugriff auf das Portal. Eine interne Bedienung steht aktuell nicht zur Verfügung: Einrichtung - Hier wird erläutert wie Sie Ihren Webbrowser einrichten, um den URL des Studierendenportal aufrufen zu können. An-/Abmeldung - Hier finden Sie Unterstützung zur An-/Abmeldung am Studierendenportal. Hinweis: Zur Anmeldung und Nutzung des Prüfungsportals benötigten Sie das Hochschulzertifikat . E-Mail: support@th-o"
https://www.th-owl.de/skim/dokumentation/studierendenportal/,html,de,1,/Abmeldung - Hier finden Sie Unterstützung zur An-/Abmeldung am Studierendenportal. Hinweis: Zur Anmeldung und Nutzung des Prüfungsportals benötigten Sie das Hochschulzertifikat . E-Mail: support@th-owl.de Telefon: +49 5261 702-2222
https://www.th-owl.de/skim/dokumentation/hochschuleinwahl/ios-aktualisierung-der-konfiguration/,html,de,0,"S(kim) - Service Kommunikation Information Medien Dokumentation: Hochschuleinwahl TH OWL S(kim) Dokumentation Hochschuleinwahl iOS - Aktualisierung der Konfiguration 1. Download 2. Installation 3. Weitere Endgeräte 1. Download Rufen Sie die Downloadseite der Konfiguration auf: https://www.th-owl.de/mobile/ (Link öffnet in neuem Fenster) Gegebenenfalls müssen Sie sich mit Ihrem Benutzernamen (xyz-xyz), dem dazugehörigen Passwort sowie dem zweiten Faktor authentifizieren Tippen Sie auf den Downloadlink ""VPN-Konfiguration"", die Datei wird gespeichert 2. Installation Tippen Sie auf die heruntergeladene Datei in den Downloads und dann auf das Teilen-Symbol (Rechteck mit Pfeil nach oben) Wählen Sie die App ""OpenVPN"" Der VPN-Client öffnet sich und zeigt Ihnen das Profil an, klicken Sie auf „Add“ Wählen Sie im nächsten Schritt unter „Certificate and Key“ Ihr persönliches Zertifikat aus Klicken Sie dann auf „Connect“ und bestätigen Sie, dass ein Profil mit dem gleichen Namen ersetzt werden soll (""Replace"") Genehmigen Sie abschließend das Hinzufügen des Profils und entsperren Sie Ihr Gerät Jetzt können Sie die Verbindung wie gewohnt starten 3. Weitere Endgeräte Wie Sie die Konfiguration auf"
https://www.th-owl.de/skim/dokumentation/hochschuleinwahl/ios-aktualisierung-der-konfiguration/,html,de,1,"(""Replace"") Genehmigen Sie abschließend das Hinzufügen des Profils und entsperren Sie Ihr Gerät Jetzt können Sie die Verbindung wie gewohnt starten 3. Weitere Endgeräte Wie Sie die Konfiguration auf anderen Endgeräten konfigurieren, lesen Sie in diesen Abschnitten: Microsoft Windows - Aktualisierung der VPN-Konfiguration incl. Aktualisierung des Clients MacOS - Aktualisierung der VPN-Konfiguration Android - Aktualisieriung der VPN-Konfiguration"
https://www.th-owl.de/skim/dokumentation/hochschuleinwahl/macos-aktualsierung-der-vpn-konfiguration/,html,de,0,"S(kim) - Service Kommunikation Information Medien Dokumentation: Hochschuleinwahl TH OWL S(kim) Dokumentation Hochschuleinwahl macOS - Aktualisierung der VPN-Konfiguration 1. Download 2. Installation 3. Hochschulzertifikat 4. Weitere Endgeräte 1. Download Rufen Sie die Downloadseite der Konfiguration auf: https://www.th-owl.de/mobile/ (Link öffnet in neuem Fenster) Gegebenenfalls müssen Sie sich mit Ihrem Benutzernamen (xyz-xyz), dem dazugehörigen Passwort sowie dem zweiten Faktor authentifizieren Tippen Sie auf den Downloadlink ""VPN-Konfiguration"", die Datei wird gespeichert Falls Sie den Client noch nicht installiert haben finden Sie auf der Seite einen Download Link. Das Hochschulzertifikat können Sie sich auch herunterladen 2. Installation Öffnen Sie die VPN-Anwendung (OpenVPN Client) und wechseln Sie auf den Bereich „Import-Profile“ Wechseln Sie in den Tab ""UPLOAD FILE"" Rufen Sie mit dem „Browse“-Button den Speicherort des VPN-Profils auf und wählen Sie die Konfigurationsdatei aus Im Bereich ""Certificate and Key"" klicken Sie auf ""Assign"" und wählen dort Ihr Hochschulzertifikat aus Bestätigen Sie die Auswahl mit ""Confirm"" Stimmen Sie der Ersetzung des alten Profils zu Das war's"
https://www.th-owl.de/skim/dokumentation/hochschuleinwahl/macos-aktualsierung-der-vpn-konfiguration/,html,de,1,"Im Bereich ""Certificate and Key"" klicken Sie auf ""Assign"" und wählen dort Ihr Hochschulzertifikat aus Bestätigen Sie die Auswahl mit ""Confirm"" Stimmen Sie der Ersetzung des alten Profils zu Das war's, Sie können sich mit der neuen Konfiguration verbinden 3. Hochschulzertifikat Falls Ihr Zertifikat bei der Einrichtung des Profils nicht erscheint oder Sie Ihr Zertifikat austauschen möchten, gehen Sie wie folgt vor: Öffnen Sie die VPN-Anwendung (OpenVPN Client) und wechseln Sie auf den Bereich „Certificates and Tokens"" Löschen Sie ggf. das alte Zertifikat Klicken Sie auf ""ADD CERTIFICATE"" Wählen Sie Ihr (aktuelles) Hochschulzertifikat aus und klicken Sie auf ""Öffnen"" Geben Sie Ihr Passwort für den Hochschulzugang ein. Falls zwei Zertifikate erscheinen, können Sie das mit der geringeren Gültigkeitsdauer entfernen, indem Sie auf das Pfeil-Symbol klicken und ""Remove Certificate"" auswählen. Wechseln Sie mit dem Zurück-Button ""<"" in den Bereich ""Profile"" Dort können Sie das Profil mit einem Klick auf das Stift-Symbol bearbeiten Im Bereich ""Certificate and Key"" klicken Sie auf ""Assign"" bzw. ""Reassign"" und wählen dort Ihr neues Hochschulzertifikat aus Bestätigen Sie die Auswahl mit ""Confirm"
https://www.th-owl.de/skim/dokumentation/hochschuleinwahl/macos-aktualsierung-der-vpn-konfiguration/,html,de,2,"lick auf das Stift-Symbol bearbeiten Im Bereich ""Certificate and Key"" klicken Sie auf ""Assign"" bzw. ""Reassign"" und wählen dort Ihr neues Hochschulzertifikat aus Bestätigen Sie die Auswahl mit ""Confirm"" 4. Weitere Endgeräte Microsoft Windows - Aktualisierung der VPN-Konfiguration incl. Aktualisierung des Clients Apple iOS - Aktualisierung der VPN-Konfiguration Android - Aktualisieriung der VPN-Konfiguration"
https://www.th-owl.de/skim/dokumentation/hochschuleinwahl/android-aktualisierung-der-konfiguration/,html,de,0,"S(kim) - Service Kommunikation Information Medien Dokumentation: Hochschuleinwahl TH OWL S(kim) Dokumentation Hochschuleinwahl Android - Aktualisierung der Konfiguration 1. Download 2. Installation 3. Weitere Endgeräte 1. Download Rufen Sie die Downloadseite der Konfiguration auf: https://www.th-owl.de/mobile (Link öffnet in neuem Fenster) Gegebenenfalls müssen Sie sich mit Ihrem Benutzernamen (xyz-xyz), dem dazugehörigen Passwort sowie dem zweiten Faktor authentifizieren Tippen Sie auf den Downloadlink ""VPN-Konfiguration"", die Datei wird gespeichert 2. Installation Öffnen Sie den Download und bestätigen Sie den Import des Profils in den Client mit „OK“ Klicken Sie auf ""Connect"" und bestätigen Sie das Ersetzen („Replace“) des bestehenden Profils Wählen Sie dann Ihr persönliches Hochschulzertifikat aus, das Ihnen im nächsten Schritt angezeigt wird Sie können sich nun wieder mit dem neuen Profil verbinden 3. Weitere Endgeräte Microsoft Windows - Aktualisierung der VPN-Konfiguration inkl. Aktualisierung des Clients MacOS - Aktualisierung der VPN-Konfiguration iOS- Aktualisieriung der VPN-Konfiguration"
https://www.th-owl.de/skim/dokumentation/hochschuleinwahl/android-aktualisierung-der-konfiguration/,html,de,1,Aktualisierung des Clients MacOS - Aktualisierung der VPN-Konfiguration iOS- Aktualisieriung der VPN-Konfiguration
https://www.th-owl.de/skim/dokumentation/hochschuleinwahl/vpn-unter-android/,html,de,0,"S(kim) - Service Kommunikation Information Medien Dokumentation: Hochschuleinwahl TH OWL S(kim) Dokumentation Hochschuleinwahl VPN unter Android Software VPN-Client Download und Installation URL - Öffnen Sie mit einem Webbrowser den folgenden URL: https://mdl.th-owl.de/mobile/ Anmeldung - Melden Sie sich mit ihrem Benutzernamen und dem Passwort an. Außerdem ist ein zweiter Faktor zur Anmeldung notwendig. Eine Anleitung, wie Sie die Zwei Faktor-Authentifizierung einrichten, finden Sie in der Dokumentation zur Zwei Faktor Authentifizierung. Link zur S(kim)-Dokumentation: Zwei-Faktor-Authentifizierung Download - Klicken Sie auf den roten Button “VPN-Client” Installation - Es öffnet sich der Playstore und Sie können die Software auf Ihr Endgerät herunterladen. Hochschulzertifikat Gut zu wissen: Sofern das Hochschulzertifikat bereits auf Ihrem Gerät installiert ist, können Sie diesen Schritt überspringen und direkt zum nächsten Abschnitt ""VPN-Konfigurationsdatei"" wechseln. Das ist bspw. der Fall, wenn Sie das Studierendenportal (QIS-Server) bereits verwenden. Beschaffung URL - Rufen Sie den folgenden URL auf: https://mdl.th-owl.de/mobile/ Anmeldung - Melden Sie sich mit ihrem Benutzerna"
https://www.th-owl.de/skim/dokumentation/hochschuleinwahl/vpn-unter-android/,html,de,1,"Fall, wenn Sie das Studierendenportal (QIS-Server) bereits verwenden. Beschaffung URL - Rufen Sie den folgenden URL auf: https://mdl.th-owl.de/mobile/ Anmeldung - Melden Sie sich mit ihrem Benutzernamen und dem Passwort an. Außerdem ist ein zweiter Faktor zur Anmeldung notwendig. Eine Anleitung, wie Sie die Zwei Faktor-Authentifizierung einrichten, finden Sie in der Dokumentation zur Zwei Faktor Authentifizierung. Link zur S(kim)-Dokumentation: Zwei-Faktor-Authentifizierung Download - Klicken Sie auf den Button ""Hochschulzertifikat"""" Authentifizierung - Es erscheint eine Anmeldebox, in der Sie den Usernamen und das Passwort Ihres Hochschulnutzerzugangs eingeben müssen. Zertifikat extrahieren Geben Sie erneut das Passwort zu Ihrem Benutzerzugang ein Zertifikatsname: Nun können Sie dem Zertifikat einen Namen geben. Standartmäßig steht dort ihr Name und der Benutzerzugang der Hochschule. WICHTIG: Unter ""Verwendet für"" muss ""VPN und Apps"" eingetragen werden . Hinweis: Wenn Sie Ihr Hochschulzertifikat noch nicht beantragt haben, können Sie dies mit wenigen Klicks durchführen. In unserer Dokumentation zum Hochschulzertifikat erläutern wir Ihnen Schritt für Schritt den Weg zu Ihrem Hochs"
https://www.th-owl.de/skim/dokumentation/hochschuleinwahl/vpn-unter-android/,html,de,2,"ulzertifikat noch nicht beantragt haben, können Sie dies mit wenigen Klicks durchführen. In unserer Dokumentation zum Hochschulzertifikat erläutern wir Ihnen Schritt für Schritt den Weg zu Ihrem Hochschulzertifikat. VPN-Konfigurationsdatei Beschaffung und Konfiguration Für die Beschaffung und die Konfiguration der Standardkonfigurationsdatei gehen Sie wie folgt vor: URL - Öffnen Sie mit einem Webbrowser den folgenden URL: https://mdl.th-owl.de/mobile/ Anmeldung - Melden Sie sich mit ihrem Benutzernamen und dem Passwort an. Außerdem ist ein zweiter Faktor zur Anmeldung notwendig. Eine Anleitung, wie Sie die Zwei Faktor-Authentifizierung einrichten, finden Sie in der Dokumentation zur Zwei Faktor Authentifizierung. Link zur S(kim)-Dokumentation: Zwei-Faktor-Authentifizierung Download - Klicken Sie auf den roten Button “VPN-Konfiguration” Download-Dialog - Ein Downloadfenster öffnet sich und Sie können die Software auf Ihr Endgerät herunterladen. Öffnen Wenn Sie nach dem Download auf öffnen klicken wird die Datei direkt in dem OpenVPN Client geöffnet. Berechtigung Der OpenVPN Client braucht die Berechtigung auf Datein zuzugreifen. Importieren Bestätigen Sie den Import des Profils Prof"
https://www.th-owl.de/skim/dokumentation/hochschuleinwahl/vpn-unter-android/,html,de,3,"en klicken wird die Datei direkt in dem OpenVPN Client geöffnet. Berechtigung Der OpenVPN Client braucht die Berechtigung auf Datein zuzugreifen. Importieren Bestätigen Sie den Import des Profils Profil Hinzufügen : Nun können Sie einen Namen für das Profil eingeben. Anschließend klicken Sie auf „ADD“ Verbindungsanfrage : Sie sehen das VPN-Profil in einer Liste. Klicken Sie auf den Schalter und Bestätigen Sie die Verbindungsanfrage Zertifikat auswählen: Klicken Sie auf Select Certificate und wählen Sie ihr Zertifikat aus. Starten und Stoppen des VPN-Clients Nach der erfolgreichen Installation können Sie sich in das Hochschulnetzwerk einwählen. Zur Authentifikation verwendet der Client das hinterlegte Hochschulzertifikat. Aus diesem Grund erfolgt die Einwahl ohne Abfrage Ihres Benutzerzugangs. Zum Herstellen einer VPN-Verbindung in das Hochschulnetzwerk gehen Sie folgt vor: Starten Sie den VPN-Client. Klicken Sie dann auf den grauen Schalter links neben dem Text ""OpenVPN Profile"" Die Verbindung wird hergestellt. Der graue Schalter wird grün und Sie erhalten zusätzlich Verbindungsstatistiken sowie die Angabe Ihrer IP-Adresse mit der Sie nun im Hochschulnetzwerk eingebucht sind. Zum B"
https://www.th-owl.de/skim/dokumentation/hochschuleinwahl/vpn-unter-android/,html,de,4,rbindung wird hergestellt. Der graue Schalter wird grün und Sie erhalten zusätzlich Verbindungsstatistiken sowie die Angabe Ihrer IP-Adresse mit der Sie nun im Hochschulnetzwerk eingebucht sind. Zum Beenden der VPN-Einwahl klicken Sie einfach wieder auf den jetzt grünen Schalter und die Verbindung wird wieder unterbrochen.
https://www.th-owl.de/skim/dokumentation/eklausuren/,html,de,0,"Team Lehre & Lernen Dokumentation: eKlausuren TH OWL S(kim) Dokumentation eKlausuren An der Technischen Hochschule Ostwestfalen-Lippe werden bereits seit 2010 elektronische Prüfungen durchgeführt. Die Vorteile liegen klar auf der Hand: Die Prüfung Studierender an PC-Pools spart nicht nur massiv Papier, sondern auch Zeit, da die Auswertung (teil-)automatisch abläuft. Und da die Maschinenschrift die Handschrift ablöst, bleibt kaum noch Platz für Missverständnisse. Daneben ermöglicht eine eKlausur den Einsatz von unterschiedlichen Medien sowie zahlreiche Fragetypen und beugt beispielsweise durch die Zufallsauswahl der Fragereihenfolge, Betrugsversuchen vor. Neben den eKlausuren können weitere digitale Prüfungsformate eingesetzt werden. Um den Leistungsstand der Studierenden insbesondere bei großen Studierendenzahlen oder vom Heimarbeitsplatz aus effizient zu prüfen, berät das Team Lehre und Lernen (TeLL) Lehrende der Technischen Hochschule OWL zum Einsatz elektronischer Übungen und Prüfungen in ihren Lehrveranstaltungen. Die Lehrenden werden während des gesamten Prozesses, von der Erstellung, über die Durchführung und späteren Auswertung und Archivierung unterstützt. Dabei enthält die"
https://www.th-owl.de/skim/dokumentation/eklausuren/,html,de,1,"gen in ihren Lehrveranstaltungen. Die Lehrenden werden während des gesamten Prozesses, von der Erstellung, über die Durchführung und späteren Auswertung und Archivierung unterstützt. Dabei enthält die Beratung, neben didaktischen Inhalten, ebenso organisatorische und rechtliche Aspekte. Die Prüfungen an der TH OWL können mithilfe der Prüfungsplattform eAssessement (ILIAS) auf unterschiedliche Art und Weise abgelegt werden: eKlausuren werden an den PC-Pools der TH OWL geschrieben, deren Computer mit einer speziell für diesen Zweck gesicherten Prüfungsumgebung ausgestattet sind. Online-Klausuren werden als Open-Book-Klausuren von den Studierenden zuhause an ihren privaten Endgeräten geschrieben. Für die Abgabe als Prüfungsleistung hinterlegen Studierenden eine digitale Prüfungsdatei. Bei formativen Prüfungen werden Studierenden Semester begleitend mittels kleinerer Aufgaben geprüft. Mündliche Prüfungen können über die Videokonferenzsoftware Cisco Webex abgehalten werden. Die verschiedenen Varianten können Lehrenden sowie alle weiteren beteiligten Personen wie Studierende, technische Administratoren und Klausuraufsichten mit einer Prüfungssimulation in unserem Showroom testen. Weitere"
https://www.th-owl.de/skim/dokumentation/eklausuren/,html,de,2,"n Varianten können Lehrenden sowie alle weiteren beteiligten Personen wie Studierende, technische Administratoren und Klausuraufsichten mit einer Prüfungssimulation in unserem Showroom testen. Weitere Informationen zu den digitalen Prüfungen finden Lehrende sowie Studierende im eCampus Schnellstart . E-Mail: support@th-owl.de Telefon: +49 5261 702-2222"
